{
  "attributes": {
    "twx-widget": "",
    "widget-id": "view-1",
    "widget-name": "view-1",
    "is-widget-container": "true",
    "viewtype": "ar"
  },
  "children": [
    {
      "name": "twx-container-content",
      "children": [
        {
          "attributes": {
            "twx-widget": "",
            "widget-id": "3DContainer-1",
            "widget-name": "3D Container",
            "is-widget-container": "true"
          },
          "name": "twx-dt-view",
          "children": [
            {
              "name": "twx-container-content",
              "children": [
                {
                  "attributes": {
                    "twx-widget": "",
                    "widget-id": "thingMark-1",
                    "tracking-indicator": "true",
                    "widget-name": "thingMark-1",
                    "width": "0.0254",
                    "rx": "-90"
                  },
                  "name": "twx-dt-target",
                  "children": [
                    {
                      "attributes": {
                        "databind-id": "db-1562146350129",
                        "source-type": "data",
                        "source-name": "vumark",
                        "source-item-type": "value",
                        "source-item-name": "vumark",
                        "binding-type": "custom_field",
                        "from-expression": "app.params['vumark']",
                        "to-property": "markerId"
                      },
                      "name": "twx-databind"
                    }
                  ]
                },
                {
                  "attributes": {
                    "twx-widget": "",
                    "widget-id": "model-2",
                    "widget-name": "model-2",
                    "is-widget-container": "true",
                    "x": "0.0030",
                    "y": "0.0000",
                    "z": "-0.0043"
                  },
                  "name": "twx-dt-model",
                  "children": [
                    {
                      "attributes": {
                        "databind-id": "db-1562146679266",
                        "source-type": "ui",
                        "source-label": "Select",
                        "source-name": "select-1",
                        "source-item-type": "property",
                        "source-item-name": "value",
                        "binding-type": "widget_property",
                        "from-expression": "app.view['Home'].wdg['select-1']['value']",
                        "to-property": "src"
                      },
                      "name": "twx-databind"
                    },
                    {
                      "name": "twx-container-content"
                    }
                  ]
                }
              ]
            }
          ]
        },
        {
          "attributes": {
            "twx-widget": "",
            "widget-id": "2DOverlay-1",
            "widget-name": "2D Overlay",
            "is-widget-container": "true"
          },
          "name": "twx-overlay",
          "children": [
            {
              "name": "twx-container-content",
              "children": [
                {
                  "attributes": {
                    "twx-widget": "",
                    "widget-id": "panel-1",
                    "widget-name": "Top Panel",
                    "is-widget-container": "true",
                    "position": "top"
                  },
                  "name": "twx-overlay-container",
                  "children": [
                    {
                      "name": "twx-container-content",
                      "children": [
                        {
                          "attributes": {
                            "twx-widget": "",
                            "widget-id": "select-1",
                            "widget-name": "select-1",
                            "valuefield": "",
                            "displayfield": "",
                            "label": "Model"
                          },
                          "name": "twx-select",
                          "children": [
                            {
                              "attributes": {
                                "databind-id": "db-1562146641756",
                                "source-type": "data",
                                "source-name": "modelSelect",
                                "source-item-type": "value",
                                "source-item-name": "modelSelect",
                                "binding-type": "custom_field",
                                "from-expression": "app.params['modelSelect']",
                                "to-property": "list"
                              },
                              "name": "twx-databind"
                            }
                          ]
                        }
                      ]
                    }
                  ]
                },
                {
                  "attributes": {
                    "twx-widget": "",
                    "widget-id": "2DOverlayBody-1",
                    "widget-name": "2D Body",
                    "is-widget-container": "true"
                  },
                  "name": "twx-overlay-body",
                  "children": [
                    {
                      "name": "twx-container-content",
                      "children": [
                        {
                          "attributes": {
                            "twx-widget": "",
                            "widget-id": "panel-2",
                            "widget-name": "Left Panel",
                            "is-widget-container": "true",
                            "position": "left"
                          },
                          "name": "twx-overlay-container",
                          "children": [
                            {
                              "name": "twx-container-content"
                            }
                          ]
                        },
                        {
                          "attributes": {
                            "twx-widget": "",
                            "widget-id": "panel-3",
                            "widget-name": "Center Panel",
                            "is-widget-container": "true",
                            "position": "center"
                          },
                          "name": "twx-overlay-container",
                          "children": [
                            {
                              "name": "twx-container-content"
                            }
                          ]
                        },
                        {
                          "attributes": {
                            "twx-widget": "",
                            "widget-id": "panel-4",
                            "widget-name": "Right Panel",
                            "is-widget-container": "true",
                            "position": "right"
                          },
                          "name": "twx-overlay-container",
                          "children": [
                            {
                              "name": "twx-container-content"
                            }
                          ]
                        }
                      ]
                    }
                  ]
                },
                {
                  "attributes": {
                    "twx-widget": "",
                    "widget-id": "panel-5",
                    "widget-name": "Bottom Panel",
                    "is-widget-container": "true",
                    "position": "bottom"
                  },
                  "name": "twx-overlay-container",
                  "children": [
                    {
                      "name": "twx-container-content"
                    }
                  ]
                }
              ]
            }
          ]
        }
      ]
    },
    {
      "name": "twx-fragment-parameters"
    },
    {
      "name": "twx-view-data"
    }
  ],
  "name": "twx-view"
}
